Car Make,Car Model,Year,Engine Size (L),Horsepower,Torque (lb-ft),0-60 MPH Time (seconds),Price (in thousands of dollars)
Porsche,911,2022,3.0,379,331,4.0,101.2
Lamborghini,Huracan,2021,5.2,630,443,2.8,274.39
Ferrari,488 GTB,2022,3.9,661,561,3.0,333.75
Audi,R8,2022,5.2,562,406,3.2,142.7
McLaren,720S,2021,4.0,710,568,2.7,298.0
BMW,M8,2022,4.4,617,553,3.1,130.0
Mercedes-Benz,AMG GT,2021,4.0,523,494,3.8,118.5
Chevrolet,Corvette,2021,6.2,490,465,2.8,59.9
Ford,Mustang Shelby GT500,2022,5.2,760,625,3.5,81.0
Nissan,GT-R Nismo,2021,3.8,600,481,2.5,212.0
Aston Martin,DB11,2021,5.2,630,516,3.5,201.495
Bugatti,Chiron,2021,8.0,1500,1180,2.4,3000.0
Dodge,Challenger SRT Hellcat,2022,6.2,717,656,3.5,61.0
Jaguar,F-Type,2022,3.0,296,295,5.4,70.1
Koenigsegg,Jesko,2021,5.0,1280,1015,2.5,2800.0
Lexus,LC 500,2021,5.0,471,398,4.4,92.95
Lotus,Evora GT,2021,3.5,416,317,3.8,104.45
Maserati,GranTurismo,2021,4.7,454,384,4.8,150.0
Porsche,Boxster,2021,2.0,300,280,4.7,62.0
Alfa Romeo,Giulia Quadrifoglio,2022,2.9,505,443,3.8,78.0
Ariel,Atom,2021,2.0,320,243,2.8,75.0
Bentley,Continental GT,2021,6.0,626,664,3.6,225.0
McLaren,Artura,2022,3.0,671,531,3.0,225.0
Mercedes-AMG,SLS AMG,2021,6.2,622,468,3.5,248.0
Pagani,Huayra,2021,6.0,720,737,2.8,2800.0
Polestar,1,2021,2.0,600,738,4.1,155.0
Porsche,Cayman GT4,2022,4.0,414,309,3.8,100.2
Lamborghini,Aventador SVJ,2021,6.5,759,531,2.8,517.77
Ferrari,SF90 Stradale,2021,4.0,986,590,2.5,625.0
Audi,RS7,2022,4.0,591,590,3.5,117.0
McLaren,Artura,2021,3.0,671,531,3.0,225.0
BMW,M4,2022,3.0,503,479,3.8,72.8
Mercedes-Benz,SLS AMG,2015,6.2,622,468,3.2,222.0
Chevrolet,Camaro ZL1,2021,6.2,650,650,3.5,64.695
Ford,GT,2022,3.5,660,550,3.0,500.0
Nissan,370Z Nismo,2021,3.7,350,276,4.5,45.69
Lamborghini,Urus,2021,4.0,641,626,3.5,218.0
Ferrari,Roma,2021,3.9,611,561,3.3,222.0
Audi,RS3,2022,2.5,394,369,3.9,57.0
McLaren,GT,2021,4.0,612,465,3.1,210.0
Mercedes-Benz,CLS63 AMG,2019,4.0,603,627,3.4,132.0
Porsche,Cayman,2021,2.0,300,280,5.1,58.9
Lamborghini,Aventador SVJ,2021,6.5,759,531,2.8,518.0
Audi,RS3,2022,2.5,394,369,3.9,56.2
McLaren,570S,2021,3.8,562,443,2.8,192.5
BMW,M4,2022,3.0,503,479,3.8,71.8
Mercedes-Benz,AMG C63,2021,4.0,503,516,3.8,68.0
Chevrolet,Camaro SS,2021,6.2,455,455,4.1,42.5
Ford,Mustang GT,2022,5.0,460,420,4.3,39.0
Nissan,370Z Nismo,2021,3.7,350,276,4.8,46.1
Aston Martin,Vantage,2021,4.0,503,505,3.5,142.1
Lotus,Evora GT,2021,3.5,416,317,3.8,105.0
Porsche,Panamera,2021,2.9,325,331,5.1,87.2
Lamborghini,Urus,2021,4.0,641,627,3.2,218.0
Ferrari,Roma,2021,3.9,612,560,3.4,222.0
Audi,S5,2022,3.0,349,369,4.4,52.5
McLaren,600LT,2021,3.8,592,457,2.8,241.0
BMW,M5,2022,4.4,600,553,3.2,103.5
Aston Martin,Vantage,2022,4.0,503,505,3.5,146.0
Audi,RS5,2021,2.9,444,443,3.6,75.4
BMW,M2,2022,3.0,405,406,4.0,58.9
Chevrolet,Camaro SS,2021,6.2,455,455,4.0,42.9
Dodge,Challenger SRT Hellcat Redeye,2022,6.2,797,707,3.4,78.595
Ford,GT,2021,3.5,660,550,3.0,500.0
Jaguar,F-Type,2022,2.0,296,295,5.4,62.75
Lamborghini,Aventador,2021,6.5,770,531,2.9,417.826
Maserati,GranTurismo,2021,4.7,454,384,4.7,150.98
Mercedes-Benz,C63 AMG,2021,4.0,503,516,3.8,70.1
Nissan,370Z,2021,3.7,332,270,5.0,30.09
Porsche,Panamera,2022,2.9,325,331,5.3,88.7
Audi,TT RS,2021,2.5,394,354,3.6,67.6
BMW,M4,2022,3.0,473,406,4.1,72.8
Chevrolet,Corvette Stingray,2021,6.2,490,465,2.8,59.9
Ferrari,F8 Tributo,2021,3.9,710,568,2.8,274.28
Ford,Mustang Mach 1,2021,5.0,480,420,4.3,52.915
Lamborghini,Urus,2021,4.0,641,627,3.6,218.009
Porsche,718 Cayman,2022,2.0,300,280,4.5,61.0
Acura,NSX,2022,3.5,573,476,2.9,159.495
Aston Martin,Vantage,2022,4.0,503,505,3.5,142.086
Bentley,Continental GT,2021,6.0,626,664,3.3,219.8
Bugatti,Chiron,2022,8.0,1500,1180,2.4,3000.0
Dodge,Challenger SRT Hellcat Redeye,2022,6.2,797,707,3.4,74.29
Jaguar,F-Type,2022,3.0,380,339,4.9,71.9
Koenigsegg,Jesko,2022,5.0,1600,1106,2.5,3000.0
Lexus,LC 500,2022,5.0,471,398,4.4,92.95
Maserati,GranTurismo,2022,4.7,454,384,4.7,134.3
Mazda,MX-5 Miata,2021,2.0,181,151,6.5,26.83
McLaren,GT,2022,4.0,620,465,3.1,213.195
Mercedes-Benz,SLS AMG,2015,6.2,622,468,3.7,221.58
Pagani,Huayra,2022,6.0,764,738,2.8,2800.0
Porsche,718 Cayman GT4,2022,4.0,414,309,4.2,100.55
Rolls-Royce,Wraith,2021,6.8,624,605,4.4,330.0
Toyota,Supra,2022,3.0,382,368,3.9,43.09
W Motors,Fenyr Supersport,2022,3.8,800,723,2.7,1700.0
Porsche,718 Cayman,2022,2.0,300,280,4.7,60.5
Lamborghini,Aventador,2021,6.5,770,531,2.9,522.0
Audi,TT RS,2022,2.5,394,354,3.4,67.0
McLaren,GT,2021,4.0,612,465,3.1,212.5
BMW,M4,2022,3.0,503,479,3.8,75.0
Mercedes-Benz,SL 63 AMG,2021,4.0,603,664,3.5,155.0
Chevrolet,Camaro ZL1,2021,6.2,650,650,3.5,64.0
Ford,GT,2022,3.5,660,550,2.8,500.0
Nissan,370Z,2021,3.7,332,270,4.7,31.015
Aston Martin,DBS Superleggera,2021,5.2,715,664,3.4,304.995
McLaren,570S,2021,3.8,562,443,3.2,192.5
Porsche,Panamera Turbo S E-Hybrid,2021,4.0,690,642,3.2,190.0
Lamborghini,Urus,2021,4.0,641,627,3.6,222.0
Audi,RS7,2021,4.0,591,590,3.5,115.0
BMW,M2,2022,3.0,405,406,4.2,59.0
Porsche,Cayman GT4,2022,4.0,414,309,4.2,102.1
Lamborghini,Aventador,2021,6.5,730,509,2.9,417.826
Aston Martin,DBS Superleggera,2021,5.2,715,664,3.2,304.995
Bentley,Continental GT,2021,6.0,626,664,3.6,220.3
Audi,RS7,2022,4.0,591,590,3.5,114.0
Mercedes-Benz,SLS AMG,2021,6.2,622,468,3.7,239.1
McLaren,570S,2021,3.8,562,443,3.1,192.5
Chevrolet,Camaro ZL1,2021,6.2,650,650,3.5,62.5
Dodge,Challenger SRT Hellcat,2021,6.2,717,656,3.5,65.29
Ferrari,Portofino,2021,3.9,592,560,3.5,219.75
Porsche,Panamera Turbo S,2022,4.0,620,604,2.9,187.7
Lamborghini,Urus,2021,4.0,641,627,3.6,222.004
Mercedes-Benz,AMG C63,2021,4.0,469,479,3.8,71.35
Aston Martin,Vantage,2021,4.0,503,505,3.6,146.0
Porsche,Cayman,2022,2.5,365,309,4.5,68.9
Lamborghini,Aventador,2021,6.5,730,507,2.8,517.77
Ferrari,F8 Tributo,2022,3.9,710,568,2.9,276.55
BMW,Z4 M40i,2022,3.0,382,369,3.9,63.7
Chevrolet,Camaro SS,2022,6.2,455,455,4.1,44.0
Ford,Mustang Mach 1,2021,5.0,480,420,4.0,51.72
Nissan,370Z Nismo,2021,3.7,350,276,4.9,45.79
Porsche,Panamera,2022,2.9,325,331,5.4,88.55
Lamborghini,Urus,2021,4.0,641,627,3.5,218.009
Ferrari,Roma,2021,3.9,612,561,3.3,222.62
Audi,RS 3,2022,2.5,401,369,3.6,56.2
McLaren,GT,2021,4.0,612,465,3.2,200.0
BMW,M2 CS,2022,3.0,444,406,3.8,84.595
Mercedes-Benz,AMG C63,2021,4.0,503,516,3.8,77.5
Acura,NSX,2021,3.5,573,476,2.7,157.5
Aston Martin,DB11,2022,4.0,503,513,3.7,204.1
Bentley,Continental GT,2021,6.0,626,664,3.4,220.3
Dodge,Viper,2017,8.4,645,600,3.3,120.0
Jaguar,F-Type,2022,3.0,380,339,4.9,69.9
Lotus,Evora GT,2021,3.5,416,317,3.8,105.95
Maserati,GranTurismo,2020,4.7,454,384,4.8,150.0
McLaren,570S,2020,3.8,562,443,3.1,204.55
Pagani,Huayra,2020,6.0,720,738,3.0,2700.0
Porsche,Cayman GT4,2022,4.0,414,309,4.2,102.9
Rolls-Royce,Wraith,2021,6.6,624,605,4.3,330.0
Shelby,Cobra,1965,7.0,435,440,4.2,1000.0
Toyota,GR Supra,2022,3.0,382,368,3.9,43.09
TVR,Griffith,2022,5.0,500,479,3.8,123.5
W Motors,Lykan Hypersport,2015,3.7,780,708,2.8,3400.0
Porsche,718 Cayman,2021,2.0,300,280,4.5,61.5
Lamborghini,Aventador SVJ,2021,6.5,770,531,2.8,518.0
Ferrari,SF90 Stradale,2022,4.0,986,590,2.5,507.0
Audi,RS 6,2021,4.0,591,590,3.5,109.0
Mercedes-Benz,SLS AMG,2015,6.2,622,468,3.6,228.0
Chevrolet,Camaro SS,2021,6.2,455,455,4.0,42.0
Nissan,370Z Nismo,2021,3.7,350,276,5.0,45.0
Ferrari,F8 Tributo,2021,3.9,710,568,2.9,276.55
Audi,RS 3,2022,2.5,401,354,3.5,56.0
McLaren,570S,2021,3.8,562,443,3.1,191.0
BMW,M5,2022,4.4,600,553,3.2,104.0
Mercedes-Benz,AMG C 63,2021,4.0,469,479,3.9,69.9
Porsche,Taycan,2022,2.0,402,254,5.1,81.25
Lamborghini,Aventador,2021,6.5,730,509,2.9,517.7
Aston Martin,DBS Superleggera,2022,5.2,715,663,3.4,330.0
Audi,RS 6 Avant,2021,4.0,591,590,3.5,109.0
McLaren,600LT,2021,3.8,592,457,2.8,242.5
Mercedes-AMG,C 63 S Coupe,2022,4.0,503,516,3.7,77.0
Chevrolet,Camaro ZL1,2021,6.2,650,650,3.5,62.0
Dodge,Challenger SRT Hellcat Redeye,2022,6.2,797,707,3.5,76.0
Ford,GT,2022,3.5,660,550,2.9,500.0
Nissan,370Z,2021,3.7,332,270,4.9,30.09
Porsche,Panamera,2022,2.9,325,332,5.3,87.2
Bugatti,Chiron,2021,8.0,1500,1180,2.3,3000.0
Ferrari,F8 Tributo,2021,3.9,710,568,2.9,274.28
Audi,RS 7,2021,4.0,591,590,3.5,114.0
Jaguar,F-Type,2022,5.0,575,516,3.5,103.2
Porsche,Panamera Turbo S,2021,4.0,620,604,2.9,177.7
Lamborghini,Aventador S,2021,6.5,729,509,2.9,417.65
Audi,RS7,2022,4.0,591,590,3.5,115.045
McLaren,600LT,2021,3.8,592,457,2.9,256.5
BMW,M2 Competition,2022,3.0,405,406,4.0,59.895
Mercedes-Benz,S63 AMG,2021,4.0,603,664,3.4,152.5
Dodge,Challenger SRT Hellcat,2022,6.2,717,656,3.5,69.995
Lamborghini,Urus,2021,4.0,641,627,3.2,218.009
Ferrari,812 Superfast,2021,6.5,789,530,2.9,363.73
Audi,R8 Spyder,2022,5.2,562,406,3.5,183.3
BMW,M4,2022,3.0,473,406,4.1,73.795
Mercedes-Benz,AMG GT R,2021,4.0,577,516,3.5,183.0
Chevrolet,Corvette Stingray,2021,6.2,495,470,2.9,60.995
Aston Martin,DB11,2022,5.2,630,516,3.5,207.0
Bentley,Continental GT,2022,6.0,626,664,3.5,203.825
Jaguar,F-Type R,2021,5.0,575,516,3.5,103.2
Acura,NSX,2022,3.5,573,476,2.7,157.5
Lotus,Evora GT,2021,3.5,416,317,3.7,99.8
Porsche,Cayman GT4,2021,4.0,414,309,4.2,100.2
Alfa Romeo,4C,2020,1.7,237,258,4.1,67.15
Audi,RS5,2022,2.9,444,443,3.7,77.25
BMW,M2 Competition,2021,3.0,405,406,4.0,58.9
Dodge,Charger SRT Hellcat,2022,6.2,717,650,3.6,71.49
Maserati,GranTurismo,2020,4.7,454,384,4.8,150.4
Nissan,370Z Nismo,2021,3.7,350,276,4.6,47.82
Rolls-Royce,Wraith,2022,6.8,624,605,4.4,330.0
Subaru,WRX STI,2021,2.5,310,290,4.6,38.17
Porsche,Cayman GT4,2021,4.0,414,309,4.2,102.0
Lamborghini,Aventador,2021,6.5,729,507,2.9,393.695
Ferrari,Portofino,2022,3.9,591,413,3.3,218.75
Audi,RS7,2021,4.0,591,590,3.5,114.0
McLaren,600LT,2021,3.8,592,457,2.8,256.5
Chevrolet,Camaro SS,2021,6.2,455,455,4.1,40.59
Ford,Mustang Mach 1,2021,5.0,480,420,4.0,52.72
Nissan,370Z Nismo,2021,3.7,350,276,4.6,45.0
Porsche,Panamera Turbo,2022,4.0,620,604,3.1,174.3
Lamborghini,Urus,2021,4.0,641,627,3.2,222.004
Ferrari,SF90 Stradale,2022,4.0,986,590,2.5,625.0
Audi,TT RS,2022,2.5,394,354,3.4,67.895
Dodge,Challenger SRT Hellcat,2021,6.2,717,656,3.5,62.29
Aston Martin,DBS Superleggera,2021,5.2,715,663,3.2,304.995
Lexus,LC 500,2022,5.0,471,398,4.4,93.05
Porsche,Cayman GT4,2022,4.0,414,309,4.2,101.2
Audi,RS 5 Coupe,2021,2.9,444,443,3.7,75.1
Chevrolet,Camaro ZL1,2021,6.2,650,650,3.5,64.195
Lotus,Evora GT,2022,3.5,416,317,3.8,105.0
McLaren,GT,2021,4.0,612,465,3.1,211.0
Mercedes-Benz,SLS AMG Black Series,2014,6.2,622,468,3.5,275.0
Bugatti,Chiron,2021,8.0,1500,1180,2.4,2998.0
Koenigsegg,Jesko,2021,5.0,1280,1015,2.5,3000.0
Lamborghini,Aventador SVJ,2020,6.5,770,531,2.8,573.966
Pagani,Huayra Roadster BC,2021,6.0,791,774,2.5,3500.0
Acura,NSX,2022,3.5,573,476,2.9,157.5
Aston Martin,Vantage,2021,4.0,503,505,3.5,146.0
Bentley,Continental GT,2022,4.0,542,568,3.9,219.8
Dodge,Challenger SRT Hellcat,2022,6.2,717,656,3.5,70.0
Jaguar,F-Type,2022,2.0,296,295,5.4,61.6
Kia,Stinger,2022,3.3,368,376,4.7,52.2
Lotus,Evora GT,2021,3.5,416,317,3.8,100.45
Maserati,GranTurismo,2021,4.7,454,384,4.8,134.3
Porsche,718 Cayman GT4,2022,4.0,414,309,4.2,102.55
Alfa Romeo,Giulia Quadrifoglio,2021,2.9,505,443,3.8,76.4
Chevrolet,Camaro ZL1,2022,6.2,650,650,3.5,69.0
Lamborghini,Aventador,2021,6.5,770,531,2.8,417.826
Mercedes-Benz,SLS AMG,2021,4.0,577,516,3.6,247.5
Nissan,370Z Nismo,2021,3.7,350,276,4.8,45.79
Aston Martin,DBS Superleggera,2022,5.2,715,664,3.2,307.82
Bentley,Continental GT,2022,4.0,542,568,3.4,207.825
Bugatti,Chiron,2021,8.0,1479,1180,2.3,2998.0
McLaren,570S,2021,3.8,562,443,3.1,202.5
Lamborghini,Aventador S,2021,6.5,730,509,2.9,417.826
Ferrari,F8 Tributo,2022,3.9,710,568,2.8,276.55
Audi,RS 7,2022,4.0,591,590,3.5,114.0
BMW,M2 CS,2022,3.0,444,406,4.0,84.595
Mercedes-Benz,SLS AMG,2021,6.2,622,468,3.2,275.0
Chevrolet,Camaro ZL1,2021,6.2,650,650,3.5,63.0
Jaguar,F-Type,2021,5.0,575,516,3.5,103.2
Lotus,Evora GT,2021,3.5,416,317,3.8,96.95
Maserati,GranTurismo,2022,4.7,454,384,4.8,134.3
McLaren,765LT,2021,4.0,755,590,2.8,358.0
Nissan,370Z,2021,3.7,332,270,5.0,30.0
Pagani,Huayra,2021,6.0,730,738,3.0,2600.0
Porsche,Panamera Turbo S,2021,4.0,620,604,2.9,180.0
Aston Martin,DB11,2021,4.0,503,513,4.0,201.495
Dodge,Challenger Hellcat Redeye,2022,6.2,797,707,3.4,82.19
Lotus,Evora,2021,3.5,416,317,3.8,96.95
Acura,NSX,2021,3.5,573,476,2.7,159.495
Alfa Romeo,Giulia Quadrifoglio,2021,2.9,505,443,3.8,76.95
Bentley,Continental GT,2021,6.0,626,664,3.3,202.5
Jaguar,F-Type,2022,3.0,380,339,4.9,70.1
Koenigsegg,Jesko,2022,5.0,1280,1015,2.5,3000.0
Maserati,GranTurismo,2022,4.7,454,384,4.8,132.795
McLaren,GT,2022,4.0,612,465,3.1,215.5
Mercedes-AMG,C 63 S Coupe,2022,4.0,503,516,3.7,80.9
Porsche,718 Cayman,2021,2.0,300,280,4.9,59.9
Rolls-Royce,Wraith,2021,6.8,624,605,4.3,330.0
Chevrolet,Camaro SS,2021,6.2,455,455,4.0,40.0
Aston Martin,DB11,2021,5.2,630,516,3.7,209.0
Bentley,Continental GT,2022,4.0,542,568,3.9,202.5
Dodge,Challenger Hellcat,2022,6.2,717,656,3.5,67.5
Koenigsegg,Jesko,2022,5.0,1280,1106,2.5,2800.0
Lexus,LC,2021,5.0,471,398,4.4,92.95
Lotus,Evora GT,2021,3.5,416,317,3.8,104.2
Maserati,GranTurismo,2021,4.7,454,384,4.7,133.05
McLaren,570S,2021,3.8,562,443,3.1,196.35
Mercedes-Benz,AMG C63,2022,4.0,503,516,3.8,69.9
Pagani,Huayra BC,2021,6.0,791,774,2.7,2600.0
Rolls-Royce,Wraith,2021,6.7,624,605,4.4,338.0
Aston Martin,Vantage,2021,4.0,503,505,3.5,150.0
Bentley,Continental GT,2021,6.0,626,664,3.6,218.4
Dodge,Challenger SRT Hellcat Redeye,2021,6.2,797,707,3.5,73.0
Jaguar,F-Type R,2022,5.0,575,516,3.5,103.2
Lotus,Evora GT,2021,3.5,416,317,3.8,104.97
Maserati,GranTurismo,2021,4.7,454,384,4.8,132.4
Porsche,Cayman GT4,2021,4.0,414,309,4.2,101.2
Alpine,A110,2021,1.8,288,236,4.4,71.5
BMW,M4,2021,3.0,473,406,4.1,71.8
Dodge,Viper,2017,8.4,645,600,3.3,118.795
Ferrari,Portofino,2021,3.9,591,560,3.5,218.75
Jaguar,F-Type,2022,3.0,296,295,5.4,61.6
Lamborghini,Aventador SVJ,2021,6.5,770,531,2.8,517.7
McLaren,600LT,2021,3.8,592,457,2.8,240.0
Aston Martin,DB11,2021,5.2,630,516,3.5,221.4
Bentley,Continental GT,2021,6.0,626,664,3.6,202.5
Dodge,Challenger SRT Hellcat,2021,6.2,717,656,3.5,64.1
Koenigsegg,Jesko,2022,5.0,1280,1015,2.5,2800.0
Maserati,GranTurismo,2021,4.7,454,384,4.8,150.98
Mercedes-AMG,C 63 S,2022,4.0,503,516,3.7,81.55
Pagani,Huayra,2021,6.0,764,738,2.8,3500.0
Porsche,Cayman GT4,2021,4.0,414,309,4.2,102.55
Rolls-Royce,Wraith,2021,6.6,624,642,4.4,330.0
Bentley,Continental GT,2022,4.0,542,568,3.9,207.825
Dodge,Challenger SRT Hellcat,2021,6.2,717,656,3.5,64.195
Jaguar,F-Type,2022,3.0,380,339,4.8,62.25
Lexus,LC 500,2022,5.0,471,398,4.4,92.0
McLaren,570S,2022,3.8,562,443,2.9,204.55
Audi,RS 5,2021,2.9,444,443,3.5,75.1
Chevrolet,Camaro ZL1,2021,6.2,650,650,3.5,64.995
Dodge,Viper ACR,2017,8.4,645,600,3.3,126.19
Ford,GT,2021,3.5,660,550,2.9,500.0
Porsche,Taycan 4S,2022,2.5,482,472,3.8,102.9
Lamborghini,Aventador S,2021,6.5,730,509,2.9,417.65
Aston Martin,DB11,2021,5.2,630,516,3.5,205.0
Alfa Romeo,Giulia Quadrifoglio,2022,2.9,505,443,3.8,81.25
Audi,RS7 Sportback,2022,4.0,591,590,3.5,115.045
BMW,M4 Competition,2021,3.0,503,479,3.9,75.695
Chevrolet,Camaro SS,2022,6.2,455,455,4.1,42.0
Dodge,Charger Hellcat,2021,6.2,717,650,3.6,71.49
Ford,GT,2021,3.5,660,550,2.8,500.0
Koenigsegg,Jesko Absolut,2022,5.0,1600,1106,2.1,2800.0
Lexus,LC 500,2021,5.0,471,398,4.4,93.05
McLaren,GT,2022,4.0,612,465,3.2,210.0
Mercedes-Benz,AMG GT Black Series,2021,4.0,720,590,3.2,326.05
Porsche,Cayman GT4,2021,4.0,414,309,4.2,102.5
Lamborghini,Aventador,2021,6.5,770,531,2.8,417.65
Ferrari,Portofino,2021,3.9,591,560,3.3,218.75
Audi,TT RS,2022,2.5,394,354,3.6,69.0
McLaren,600LT Spider,2021,3.8,592,457,2.8,256.5
Mercedes-Benz,AMG C 63,2022,4.0,503,516,3.8,70.0
Chevrolet,Camaro SS 1LE,2021,6.2,455,455,4.0,44.5
Ford,Mustang Mach 1,2021,5.0,480,420,4.0,51.0
Nissan,370Z Nismo,2021,3.7,350,276,5.2,45.0
Koenigsegg,Jesko,2021,5.0,1262,1106,2.5,3000.0
Pagani,Huayra,2021,6.0,764,738,2.6,2600.0
McLaren,Speedtail,2021,4.0,1035,848,2.5,2300.0
Lamborghini,Sián,2021,6.5,819,531,2.8,3600.0
Porsche,Cayman,2022,2.0,300,280,4.9,59.9
Lamborghini,Aventador,2021,6.5,770,531,2.8,393.695
Ferrari,Portofino,2021,3.9,591,413,3.5,215.0
Audi,RS 5,2022,2.9,444,443,3.7,75.1
McLaren,GT,2021,4.0,620,465,3.1,210.0
BMW,Z4 M40i,2022,3.0,382,369,4.3,63.7
Mercedes-Benz,SLC 43,2020,3.0,385,384,4.6,62.0
Chevrolet,Camaro SS,2022,6.2,455,455,4.3,42.5
Ford,Mustang GT,2022,5.0,460,420,4.3,36.12
Nissan,370Z Nismo,2020,3.7,350,276,4.6,45.79
Aston Martin,Vantage,2022,4.0,503,505,3.6,146.0
Bentley,Continental GT,2021,4.0,626,664,3.3,220.0
Porsche,718 Boxster,2022,2.0,300,280,4.9,62.0
Ferrari,F8 Spider,2021,3.9,710,568,2.9,280.0
Audi,TT RS,2022,2.5,394,354,3.6,69.9
McLaren,570S,2021,3.8,562,443,2.9,208.8
BMW,M4,2022,3.0,473,406,4.0,72.8
Porsche,718 Cayman,2022,2.0,300,280,4.9,60.5
Lamborghini,Aventador,2021,6.5,730,509,2.9,393.695
Audi,RS5,2022,2.9,444,443,3.7,75.1
McLaren,GT,2021,4.0,612,465,3.2,208.8
Mercedes-Benz,SLS AMG,2015,6.2,622,468,3.6,229.0
Nissan,370Z Nismo,2020,3.7,350,276,5.2,46.2
Dodge,Challenger SRT Hellcat,2021,6.2,717,656,3.6,71.0
Aston Martin,DBS Superleggera,2021,5.2,715,663,3.2,308.0
Alfa Romeo,Giulia Quadrifoglio,2022,2.9,505,443,3.8,80.5
Jaguar,F-Type R,2021,5.0,575,516,3.5,105.9
Lotus,Evora GT,2020,3.5,416,317,3.8,96.95
Maserati,GranTurismo,2019,4.7,454,384,4.7,150.98
Porsche,Panamera Turbo S,2022,4.0,630,604,2.9,180.8
Lotus,Evora,2021,3.5,416,317,3.8,94.0
Alfa Romeo,4C Spider,2020,1.7,237,258,4.1,67.15
Jaguar,F-Type,2022,3.0,380,339,4.9,70.9
Maserati,GranTurismo,2021,4.7,454,384,4.7,134.3
Audi,RS5 Coupe,2022,2.9,444,443,3.7,76.45
Chevrolet,Camaro ZL1,2022,6.2,650,650,3.5,64.0
Dodge,Challenger SRT Hellcat,2022,6.2,717,656,3.5,61.5
Ford,GT,2021,3.5,647,550,2.8,500.0
McLaren,570S,2022,3.8,562,443,3.1,198.95
Mercedes-AMG,C63 S Coupe,2021,4.0,503,516,3.7,77.95
Porsche,718 Boxster,2021,2.0,300,280,4.9,62.0
Lamborghini,Aventador S,2021,6.5,729,507,2.9,417.826
Audi,TT RS Coupe,2021,2.5,394,354,3.6,67.6
BMW,M4 Coupe,2021,3.0,473,406,3.8,71.8
Aston Martin,DBS Superleggera,2022,5.2,715,664,3.4,314.5
Bentley,Continental GT,2022,6.0,626,664,3.3,214.425
Bugatti,Chiron,2022,8.0,1500,1180,2.3,3000.0
Dodge,Challenger SRT Hellcat,2022,6.2,717,656,3.5,71.49
Jaguar,F-Type,2021,5.0,575,516,3.5,105.9
Koenigsegg,Jesko,2021,5.0,1280,1106,2.5,2800.0
Lotus,Evora GT,2021,3.5,416,317,3.8,104.4
Maserati,GranTurismo,2022,4.7,454,384,4.7,150.98
Porsche,Cayman GT4,2022,4.0,414,309,4.2,102.0
Rolls-Royce,Wraith,2021,6.8,624,605,4.4,335.55
TVR,Griffith,2021,5.0,500,420,3.9,157.5
Ultima,RS,2021,6.2,1200,1300,2.3,220.0
W Motors,Fenyr SuperSport,2022,3.8,800,723,2.7,1550.0
Acura,NSX,2021,3.5,573,476,2.9,157.5
Aston Martin,DBS Superleggera,2022,5.2,715,663,3.2,308.0
Dodge,Challenger SRT Hellcat,2021,6.2,717,656,3.5,65.0
Jaguar,F-Type,2021,3.0,380,339,4.9,63.1
Mercedes-Benz,AMG GT Black Series,2021,4.0,720,590,3.1,325.0
Ford,GT,2021,3.5,647,550,3.0,500.0
Aston Martin,DBS Superleggera,2021,5.2,715,664,3.4,307.82
Dodge,Challenger SRT Hellcat Redeye,2021,6.2,797,707,3.5,80.19
Alfa Romeo,4C Spider,2020,1.8,237,258,4.1,68.745
Subaru,WRX STI,2022,2.5,310,290,5.2,38.17
Bugatti,Chiron Super Sport 300+,2022,8.0,1578,1180,2.3,5200.0
McLaren,Senna,2020,4.0,789,590,2.7,1500.0
Chevrolet,Camaro ZL1,2022,6.2,650,650,3.5,65.0
Audi,RS 7 Sportback,2022,4.0,591,590,3.5,114.0
Porsche,Cayman GT4,2022,4.0,414,309,4.2,102.55
Lamborghini,Aventador,2022,6.5,770,531,2.8,393.695
Lamborghini,Aventador S,2022,6.5,729,507,2.9,460.247
Audi,RS 6 Avant,2022,4.0,591,590,3.1,110.045
Mercedes-Benz,AMG C 63 S,2021,4.0,503,516,3.7,77.4
Nissan,370Z Nismo,2020,3.7,350,276,5.0,46.815
Audi,TT RS,2021,2.5,394,354,3.6,67.895
Chevrolet,Corvette Z06,2023,5.5,625,650,2.6,85.0
Lamborghini,Urus,2022,4.0,641,626,3.2,218.009
Mercedes-Benz,AMG GT 63 S,2021,4.0,630,664,3.1,162.9
Ferrari,Portofino M,2022,3.9,612,560,3.5,245.0
Bugatti,Chiron,2021,8.0,1479,1180,2.5,3000.0
Porsche,Cayman GT4,2022,4.0,414,309,4.2,100.2
Alfa Romeo,Giulia Quadrifoglio,2021,2.9,505,443,3.8,74.75
Bentley,Continental GT,2021,6.0,626,664,3.3,218.4
BMW,M5,2021,4.4,600,553,3.2,103.5
Dodge,Challenger Hellcat,2021,6.2,717,656,3.5,70.595
Ford,GT,2022,3.5,647,550,3.0,500.0
McLaren,570S,2021,3.8,562,443,3.1,203.5
Mercedes-Benz,SLS AMG,2015,6.2,583,479,3.6,221.58
Nissan,370Z Nismo,2020,3.7,350,276,4.7,47.19
Porsche,Boxster,2021,2.0,300,280,4.9,62.0
Porsche,718 Cayman,2022,2.0,300,280,4.9,61.5
Lamborghini,Aventador,2021,6.5,759,531,2.9,393.695
Ferrari,Roma,2021,3.9,612,561,3.3,222.63
Audi,RS 5,2022,2.9,444,442,3.5,75.4
McLaren,570S,2020,3.8,562,443,3.1,208.0
BMW,M2,2022,3.0,405,406,4.2,58.9
Mercedes-Benz,SL,2022,3.0,429,384,4.9,96.25
Chevrolet,Camaro,2021,6.2,455,455,4.0,25.0
Porsche,Panamera,2022,2.9,325,331,5.2,88.55
Audi,RS 6,2022,4.0,591,590,3.5,109.0
Audi,RS 7,2022,4.0,591,590,3.5,117.0
BMW,M4,2021,3.0,473,406,4.0,72.8
Mercedes-Benz,SLS AMG,2015,6.2,622,468,3.5,228.0
Nissan,370Z Nismo,2021,3.7,350,276,5.0,48.0
Aston Martin,DBS Superleggera,2021,5.2,715,664,3.2,307.82
Lexus,LC 500,2021,5.0,471,398,4.4,93.0
Bentley,Continental GT,2021,4.0,626,664,3.3,202.5
Rolls-Royce,Dawn,2021,6.6,563,605,4.3,346.3
Bugatti,Chiron Pur Sport,2021,8.0,1500,1180,2.3,3599.0
McLaren,Senna,2019,4.0,789,590,2.7,1050.0
Aston Martin,DB11,2021,4.0,503,498,3.7,205.6
Bentley,Continental GT,2021,6.0,626,664,3.6,201.0
Bugatti,Chiron,2021,8.0,1500,1180,2.5,3000.0
Chevrolet,Camaro ZL1,2022,6.2,650,650,3.5,67.0
Dodge,Challenger Hellcat,2021,6.2,717,656,3.5,64.0
Ferrari,812 Superfast,2021,6.5,789,530,2.8,340.0
Lamborghini,Aventador SVJ,2021,6.5,770,531,2.8,517.77
Mercedes-AMG,GT Black Series,2021,4.0,720,590,3.1,325.0
Nissan,400Z,2023,3.0,400,350,4.0,40.0
Porsche,Cayman GT4,2021,4.0,414,309,4.2,101.0
Toyota,Supra,2021,3.0,382,368,3.9,43.0
BMW,M2,2022,3.0,405,406,4.1,58.9
Nissan,370Z Nismo,2021,3.7,350,276,4.8,45.0
Dodge,Charger Hellcat,2021,6.2,707,650,3.6,69.995
Aston Martin,DBS Superleggera,2021,5.2,715,663,3.2,305.0
Alfa Romeo,Giulia Quadrifoglio,2021,2.9,505,443,3.8,75.0
Audi,TT RS,2021,2.5,394,354,3.6,68.0
Bentley,Continental GT,2021,6.0,626,664,3.6,203.825
Chevrolet,Corvette Stingray,2021,6.2,495,470,2.9,58.9
Dodge,Challenger SRT Hellcat,2021,6.2,717,656,3.5,63.0
Ford,Mustang GT,2022,5.0,460,420,4.0,45.0
Ferrari,Roma,2022,3.9,612,560,3.3,222.63
McLaren,570S,2021,3.8,562,443,2.7,204.995
BMW,M4,2022,3.0,473,406,4.1,71.8
Mercedes-Benz,SLS AMG,2021,6.2,622,468,3.5,243.6
Nissan,370Z Nismo,2021,3.7,350,276,5.0,47.19
Audi,RS6,2022,4.0,591,590,3.5,113.0
Mercedes-Benz,GT 63,2021,4.0,577,590,3.3,161.2
Aston Martin,DBS Superleggera,2021,5.2,715,663,3.2,310.0
Pagani,Huayra,2021,6.0,764,737,3.0,2600.0
McLaren,Senna,2021,4.0,789,590,2.7,1000.0
Porsche,918 Spyder,2015,4.6,887,944,2.2,1800.0
Lamborghini,Aventador SVJ,2020,6.5,759,531,2.8,517.0
Audi,RS 6 Avant,2021,4.0,591,590,3.5,110.0
Bentley,Continental GT Speed,2022,6.0,650,664,3.5,300.0
Chevrolet,Camaro ZL1,2021,6.2,650,650,3.5,68.0
Mercedes-AMG,GT Black Series,2021,4.0,720,590,3.1,330.0
Aston Martin,DB11,2021,4.0,503,513,3.9,205.0
Bentley,Continental GT,2022,4.0,542,568,3.9,229.0
Lotus,Evora GT,2021,3.5,416,317,3.8,100.0
Maserati,GranTurismo,2021,4.7,454,384,4.7,135.0
Porsche,Boxster,2022,2.0,300,280,4.9,63.0
Alfa Romeo,4C,2020,1.8,237,258,4.2,67.15
Chevrolet,Camaro,2022,6.2,455,455,4.0,62.195
Dodge,Challenger,2022,3.6,305,268,6.4,28.0
Mercedes-Benz,AMG C 63,2021,4.0,469,479,3.8,69.9
Nissan,370Z,2021,3.7,350,276,5.3,30.09
Porsche,Cayman,2022,2.0,300,280,4.9,68.0
BMW,i8,2022,1.5,369,184,4.2,147.5
Lamborghini,Aventador S,2021,6.5,729,507,2.9,417.65
Audi,RS7,2022,4.0,591,590,3.5,115.0
McLaren,GT,2022,4.0,620,465,3.1,208.0
Mercedes-Benz,SLS AMG,2021,4.0,730,590,2.9,250.0
Nissan,370Z Nismo,2021,3.7,350,276,5.0,46.1
Porsche,Panamera Turbo S,2022,4.0,630,604,3.1,180.0
Ferrari,Portofino,2022,3.9,591,561,3.4,250.0
Audi,TT RS,2022,2.5,394,354,3.6,70.0
McLaren,570S,2021,3.8,562,443,3.1,200.0
Ferrari,Portofino,2022,3.9,612,561,3.3,245.0
Audi,TT RS,2022,2.5,394,354,3.6,67.8
McLaren,GT,2022,4.0,620,465,3.1,211.3
Mercedes-Benz,SLS AMG,2015,6.2,622,468,3.5,222.5
Chevrolet,Camaro SS,2022,6.2,455,455,4.0,43.995
Porsche,911 Turbo S,2022,3.8,640,590,2.6,208.0
BMW,M5 Competition,2022,4.4,617,553,3.1,103.5
Aston Martin,Vantage,2022,4.0,503,505,3.5,152.995
Ferrari,F8 Spider,2021,3.9,710,568,2.9,274.28
Lexus,LC 500,2022,5.0,471,398,4.4,102.55
Audi,RS6 Avant,2021,4.0,591,590,3.5,109.0
BMW,M4,2022,3.0,473,406,3.8,71.8
Mercedes-Benz,AMG GT R,2021,4.0,577,516,3.5,180.0
Porsche,Panamera Turbo S E-Hybrid,2021,4.0,690,642,3.0,190.0
Lamborghini,Urus,2021,4.0,641,627,3.5,218.0
Ferrari,Portofino M,2021,3.9,612,561,3.4,235.0
Audi,TT RS,2022,2.5,394,354,3.6,67.6
Mercedes-Benz,SLS AMG Black Series,2021,6.2,622,468,3.5,335.0
Porsche,718 Boxster,2022,2.0,300,280,4.9,63.0
Lamborghini,Aventador SVJ,2020,6.5,759,531,2.8,573.966
Audi,TT RS Coupe,2022,2.5,394,354,3.5,68.0
McLaren,GT,2020,4.0,612,465,3.1,210.0
BMW,Z4 Roadster,2022,2.0,255,295,5.2,50.0
Mercedes-Benz,SLS AMG,2015,6.2,622,468,3.6,200.0
Chevrolet,Camaro SS Convertible,2022,6.2,455,455,4.0,49.0
Nissan,370Z Coupe,2020,3.7,332,270,5.0,30.09
Aston Martin,Vantage,2021,4.0,503,505,3.6,142.086
Bentley,Continental GT,2022,6.0,626,664,3.3,225.0
Bugatti,Chiron,2021,8.0,1479,1180,2.4,3000.0
Dodge,Challenger SRT Hellcat,2022,6.2,717,656,3.5,68.0
Jaguar,F-Type,2022,2.0,296,295,5.4,63.7
Lotus,Evora GT,2021,3.5,416,317,3.8,98.395
Porsche,Panamera Turbo S E-Hybrid,2021,4.0,689,642,3.0,190.0
Lamborghini,Aventador SVJ,2021,6.5,759,531,2.8,517.0
Mercedes-Benz,S63 AMG,2021,4.0,603,664,3.4,168.0
Chevrolet,Camaro ZL1,2021,6.2,650,650,3.5,64.5
Nissan,370Z Nismo,2021,3.7,350,276,4.7,46.0
Porsche,718 Cayman GT4,2022,4.0,414,309,4.2,102.0
Mercedes-AMG,C63 S Coupe,2021,4.0,503,516,3.7,77.5
Aston Martin,Vantage,2021,4.0,503,505,3.5,147.0
McLaren,570S,2021,3.8,562,443,3.1,193.0
Dodge,Challenger SRT Hellcat,2021,6.2,717,656,3.5,64.0
Mercedes-AMG,GT 63 S,2021,4.0,630,664,3.1,162.0
Audi,RS 5,2022,2.9,444,443,3.5,76.7
McLaren,570S Spider,2020,3.8,562,443,3.1,208.8
BMW,M2 Competition,2022,3.0,405,406,4.2,58.9
Mercedes-Benz,C 63 AMG,2022,4.0,469,479,3.9,69.0
Ford,Mustang GT,2022,5.0,460,420,4.5,43.0
Dodge,Challenger R/T,2021,5.7,372,400,5.1,35.0
Aston Martin,Vantage,2021,4.0,503,505,3.6,151.0
Alfa Romeo,4C Spider,2020,1.7,237,258,4.1,69.0
Jaguar,F-Type,2022,2.0,296,295,5.4,62.5
Bugatti,Chiron Super Sport 300+,2021,8.0,1578,1180,2.4,5200.0
Chevrolet,Camaro ZL1,2022,6.2,650,650,3.5,63.0
Aston Martin,Vantage,2021,4.0,503,505,3.5,142.086
Alfa Romeo,Giulia Quadrifoglio,2022,2.9,505,443,3.8,83.25
Audi,RS 7 Sportback,2021,4.0,591,590,3.5,114.0
BMW,M4 Competition,2022,3.0,503,479,3.8,74.7
Mercedes-Benz,C63 S AMG,2022,4.0,503,516,3.9,77.6
Porsche,Panamera Turbo S,2022,4.0,630,604,2.9,181.1
Lamborghini,Aventador S,2021,6.5,730,507,2.9,417.826
Aston Martin,DBS Superleggera,2022,5.2,715,664,3.2,329.1
Mercedes-Benz,AMG C43 Coupe,2021,3.0,385,384,4.5,59.9
Chevrolet,Corvette Stingray,2021,6.2,490,465,2.9,59.9
Lamborghini,Aventador,2021,6.5,730,509,2.9,517.0
Ferrari,Roma,2021,3.9,611,560,3.3,222.62
Mercedes-Benz,C63 AMG,2021,4.0,469,479,3.9,77.0
Chevrolet,Camaro SS,2021,6.2,455,455,4.1,43.995
Ford,Mustang Mach 1,2021,5.0,480,420,4.1,51.72
Nissan,370Z Nismo,2021,3.7,350,276,4.8,46.61
Porsche,Panamera,2022,2.9,325,331,5.3,88.55
Audi,RS6,2022,4.0,591,590,3.5,120.0
BMW,M4,2022,3.0,503,479,3.8,74.0
Mercedes-Benz,AMG A45,2021,2.0,382,354,4.0,50.0
Chevrolet,Camaro ZL1,2021,6.2,650,650,3.5,63.995
Bentley,Continental GT,2021,4.0,542,568,3.3,202.5
Bugatti,Chiron,2022,8.0,1479,1180,2.4,2900.0
Ferrari,F8 Tributo,2022,3.9,710,568,2.8,275.0
McLaren,GT,2021,4.0,612,465,3.1,201.5
Dodge,Challenger SRT Hellcat Redeye,2022,6.2,797,707,3.5,80.19
Jaguar,F-Type,2021,3.0,380,339,4.4,62.75
Lexus,LC 500,2021,5.0,471,398,4.4,92.0
Rolls-Royce,Ghost,2021,6.8,563,627,4.6,332.5
Porsche,Taycan,2021,2.0,402,254,5.1,81.25
Aston Martin,DB11,2021,4.0,630,516,3.7,198.995
Chevrolet,Camaro,2022,6.2,455,455,4.0,25.0
Dodge,Charger,2021,6.2,797,707,3.3,72.0
Jaguar,F-Type,2021,3.0,380,339,4.9,62.75
Mercedes-Benz,SLS AMG,2021,6.2,622,468,3.6,254.995
Nissan,370Z,2021,3.7,332,270,5.2,30.0
Audi,RS 7,2021,4.0,591,590,3.4,114.0
Bentley,Continental GT,2021,4.0,542,568,3.9,220.0
Porsche,Cayman,2022,2.0,300,280,4.5,59.9
Audi,RS 5,2022,2.9,444,443,3.5,75.1
Dodge,Challenger SRT Hellcat,2021,6.2,717,656,3.5,60.695
Ferrari,F8 Spider,2022,3.9,710,568,2.9,274.39
Jaguar,F-Type,2021,3.0,296,295,5.4,64.7
Lamborghini,Aventador,2021,6.5,759,531,2.9,517.77
Lotus,Evora GT,2021,3.5,416,317,3.8,99.99
Maserati,GranTurismo,2021,4.7,454,384,4.7,150.8
Mercedes-Benz,AMG C 63,2021,4.0,469,479,3.8,67.6
Nissan,370Z Nismo,2021,3.7,350,276,4.5,45.79
Porsche,Panamera,2022,2.9,325,331,5.3,88.8
Subaru,WRX STI,2021,2.5,310,290,5.2,38.17
Lamborghini,Aventador,2021,6.5,729,509,2.9,393.695
Audi,RS5 Coupe,2022,2.9,444,443,3.5,76.35
McLaren,570S,2021,3.8,562,443,3.1,202.0
Mercedes-Benz,SL,2022,3.0,429,384,4.4,96.0
Nissan,370Z,2021,3.7,332,270,5.3,33.0
Alfa Romeo,Giulia Quadrifoglio,2021,2.9,505,443,3.8,75.25
Aston Martin,DB11,2022,4.0,630,516,3.7,201.495
Bentley,Continental GT,2021,6.0,626,664,3.3,201.0
Dodge,Challenger,2021,6.4,485,475,3.8,62.0
Lotus,Evora GT,2021,3.5,416,317,3.8,99.0
Maserati,GranTurismo,2021,4.7,454,384,4.7,150.0
Aston Martin,Vantage,2022,4.0,503,505,3.5,149.995
Dodge,Charger SRT Hellcat,2022,6.2,717,650,3.5,78.595
Chevrolet,Camaro SS,2022,6.2,455,455,4.1,37.5
Ford,Mustang GT,2022,5.0,460,420,4.0,38.5
McLaren,570S,2021,3.8,562,443,3.1,208.8
Mercedes-Benz,AMG C63,2022,4.0,469,479,3.8,71.45
Nissan,370Z Nismo,2021,3.7,350,276,4.9,47.82
Porsche,Panamera GTS,2021,4.0,473,457,3.9,134.15
BMW,M4,2021,3.0,473,406,3.8,71.8
Lamborghini,Aventador,2021,6.5,770,531,2.9,393.695
McLaren,GT,2021,4.0,612,465,3.1,250.0
Mercedes-Benz,AMG GT 4-Door Coupe,2021,4.0,630,664,3.1,171.2
Aston Martin,DBS Superleggera,2022,5.2,715,663,3.4,321.0
Lotus,Evora GT,2021,3.5,416,317,3.8,100.5
McLaren,570S,2021,3.8,562,443,3.1,195.0
Audi,RS7 Sportback,2022,4.0,591,590,3.5,114.0
Mercedes-AMG,C63 S,2022,4.0,503,516,3.7,78.1
Dodge,Charger Hellcat,2021,6.2,717,650,3.6,70.0
Alfa Romeo,Giulia Quadrifoglio,2021,2.9,505,443,3.8,78.45
Ford,Mustang Mach 1,2021,5.0,480,420,4.0,52.915
Aston Martin,Vantage,2021,4.0,503,505,3.6,147.0
Bugatti,Chiron,2022,8.0,1500,1180,2.5,3900.0
Pagani,Huayra,2021,6.0,764,740,2.8,2600.0
Maserati,MC20,2021,3.0,621,538,2.9,210.0
Porsche,Cayman,2021,2.0,300,280,5.1,59.9
McLaren,GT,2022,4.0,612,465,3.1,210.0
BMW,M2,2021,3.0,405,406,4.0,58.9
Mercedes-Benz,SLS AMG,2021,6.3,622,468,3.6,254.5
Ford,Mustang,2021,2.3,310,350,5.3,27.205
Nissan,370Z,2021,3.7,332,270,5.1,30.09
Koenigsegg,Jesko,2022,5.0,1280,1106,2.5,3000.0
Pagani,Huayra,2021,6.0,764,738,3.0,2600.0
